{
  "FileStorageConfig": [
    {
      "outputfile_prefix": "PruebaSalidaCSVJson",
      "tweets_per_outputfile": 10
    }
  ],
  "HashTags": [
    "#macri",
    "#cristina",
    "#argentina",
    "#futbol",
    " macri",
    "cristina",
    "argentina",
    "futbol"
  ],
  "TwitterAPP": [
    {
      "access_secret": "wyqdEYIQmavVfAmH0xXb1qUwW8842ajbnaZ84U08ziLxI",
      "access_token": "747416373228376064-KqDPF1xJSmnaHUJ4gKSLqqy8l2qMgVP",
      "consumer_key": "wPvbnar6XewHPJBfreavg5urr",
      "consumer_secret": "w6Ufk0mRRoCDpMssOrQEgTqVo9AmAKbd9sXByVHGYHMIcrYVnU"
    }
  ]
}